{
  "manifest-bundle.zip": 1613595492160,
  "controller/App.controller.js": 1612564737269,
  "model/models.js": 1612564737265,
  "manifest.json": 1613595492321,
  "Component.js": 1612564737261,
  "i18n/i18n.properties": 1612564737261,
  "Component-preload.js": 1613595492301,
  "Component-dbg.js": 1612564737261,
  "controller/App-dbg.controller.js": 1612564737269,
  "model/models-dbg.js": 1612564737265,
  "resources.json": 1613595492323,
  "view/App.view.xml": 1613165109192,
  "css/style.css": 1612564737261,
  "index.html": 1612564737261
}