{
  "view/App.view.xml": 1613599073702,
  "manifest.json": 1613863933916,
  "model/models.js": 1612564737265,
  "controller/App.controller.js": 1612564737269,
  "Component.js": 1612564737261,
  "manifest-bundle.zip": 1613863933756,
  "Component-preload.js": 1613863933894,
  "controller/App-dbg.controller.js": 1612564737269,
  "model/models-dbg.js": 1612564737265,
  "Component-dbg.js": 1612564737261,
  "resources.json": 1613863933919,
  "i18n/i18n.properties": 1613857997285,
  "css/style.css": 1612564737261,
  "index.html": 1612564737261
}